identifier,title,creator,subject,description,publisher,contributor,date,type,format,source,language,relation,coverage,rights,standard,other_title_information,series,extent,dimensions,physical_description,colour,sound,duration,length,inscription,institution,collection,current_location,depicted_event,depicted_place,inventory_number,catalogue_number,identifiers,archival_description,edition,pages,conditions_governing_access,conditions_governing_reproduction
book_il_primo_fellini,Il primo Fellini,Federico Fellini,Screenplays; Italian cinema; Neorealism; Federico Fellini; Lo sceicco bianco; I vitelloni; La strada; Il bidone,"The volume contains the screenplays of four Fellini films: 'Lo sceicco bianco', 'I vitelloni', 'La strada', and 'Il bidone'. Only a selected sequence of 'La strada' is used for the TEI encoding in this project.",Cappelli Editore,Renzo Renzi; Liliana Betti; Eschilo Tarquini | Introduction by Renzo Renzi; edited by Liliana Betti and Eschilo Tarquini; screenplays by Federico Fellini,1969,Book,326 p. : ill. ; 25 cm,,it,lo_sceicco_bianco_film; i_vitelloni_film; la_strada_film; il_bidone_film,Bologna,Copyright © Cappelli Editore,ISBD(G),Lo sceicco bianco; I vitelloni; La strada; Il bidone. From Subject to Film,"From Subject to Film. Retrospective series, 1",326 p. : ill. ; 25 cm,,,,,,,,,,,,,,,,,,,,
caricature_fellini_renzi,Fellini caricature,Renzo Renzi,Federico Fellini,"Hand-drawn caricature by Renzo Renzi depicting Federico Fellini with a humorous handwritten caption. Created in the 1960s, the drawing became an emblematic image associated with the Renzo Renzi Collection of the Cineteca di Bologna.",Cineteca di Bologna,,ca. 1960s,Drawing,Black ink and coloured markers | Cut paper,,it,Renzo Renzi Collection,Biblioteca Renzo Renzi. Cinema e Fotografia,© Cineteca di Bologna,OA,Caricature with handwritten caption,,,13 × 8.6 cm,,,,,,Why doesn't Federico make the revolution?,Cineteca di Bologna,Renzo Renzi Collection,Biblioteca Renzo Renzi. Cinema e Fotografia,,,,,,,,,,
drawing_gelsomina_lastrada,La Strada: Gelsomina col tamburo,Renzo Renzi,Giulietta Masina,"Portrait drawing by Renzo Renzi depicting Giulietta Masina as Gelsomina from Federico Fellini’s film *La Strada*, shown playing a small drum.",Cineteca di Bologna,,ca. 1950s,Drawing,Pencil and coloured markers | Cardboard,,,Renzo Renzi Collection,Biblioteca Renzo Renzi. Cinema e Fotografia,© Renzi Estate,OA,,,,25.2 × 17.2 cm,,,,,,,Cineteca di Bologna,Renzo Renzi Collection,Biblioteca Renzo Renzi. Cinema e Fotografia,,,,,,,,,,
ferrari_set_photo,Ferrari on set during the documentary 'Le Notti del Melodramma',Aldo Ferrari,Renzo Renzi,Digital surrogate available on the Cineteca di Bologna website.,Cineteca di Bologna,,1959,Photograph,Vintage gelatin silver print. Original analog photograph. | Analog photographic print | Gelatin silver print | Digital JPEG surrogate | black and white,,,le_notti_del_melodramma,Bologna,© Cineteca di Bologna,ICCD F,,,,,Vintage gelatin silver print. Original analog photograph.,black and white,,,,,Cineteca di Bologna,Fondo Aldo Ferrari – Donazione Costantino e Lucia Della Casa,Cineteca di Bologna — Fototeca,Set of the documentary 'Le Notti del Melodramma',Bologna,FAF01878.001,,FAF01878.001,,,,,
guida_documentary,Guida per camminare all'ombra,Renzo Renzi,Portici of Bologna; Urban documentary,"Short documentary film directed by Renzo Renzi and presented at the Venice Film Festival.",Columbus Film,,1954,Short documentary,35 mm,https://www.wikidata.org/wiki/Q88880456,it,,Bologna,© Cineteca di Bologna — All rights reserved,ISBD(NBM),,,,,normal ratio,col,sound,10m,,,Cineteca di Bologna,Renzo Renzi Fund,Biblioteca Renzo Renzi. Cinema e Fotografia,,,,,,,,,,
la_strada_film,La strada,Federico Fellini,,Feature fiction film directed by Federico Fellini.,Ponti–De Laurentiis Cinematografica,,1954,Film,35 mm | 3220 m | 108 min | black and white | sound,https://www.wikidata.org/wiki/Q184843,it,,Italy,© Ponti–De Laurentiis Cinematografica,FIAF,International title: 'The Road',,,,,black and white,sound,108 min,3220 m,,,,,,,,,,,,,,
la_strada_soundtrack_original,La strada : [musique du film],Nino Rota,Film music; Italian cinema,"From the original soundtrack of the 1954 film. Contains: Side A — 'Gelsomina', 'Dona-Manolita'. Side B — 'La strada', 'Comprate i miei fiori'.",Ducretet Thomson,Grand Orchestre Jo Moutet | Music by Nino Rota; performed by Grand Orchestre Jo Moutet,1954,SoundRecording,1 sound disc : 45 rpm ; 17.5 cm | 1 sound disc,,fr,la_strada_film,[France],© Ducretet Thomson; © Nino Rota Estate,ISBD(NBM),,,,,1 sound disc : 45 rpm ; 17.5 cm,,,,,,,,,,,,460V084,UBO02159840,,,,,
photo_lastrada_premiere,Bologna. Cinema Fulgor. Premiere of 'La Strada' with Federico Fellini and Giulietta Masina,Libero Grandi,Federico Fellini; Giulietta Masina,Indexed in 'Bologna Fotografata' under: Film actors and directors; Cultural events; Personalities.,Cineteca di Bologna,,1954,Photograph,Vintage press photograph. | Photographic print | Gelatin silver print | black and white,,und,la_strada_film,"Bologna, Cinema Fulgor (Via Montegrappa)",© Cineteca di Bologna — All rights reserved,ICCD Scheda F,Premiere of 'La Strada' at Cinema Fulgor,,,,Vintage press photograph.,black and white,,,,,Cineteca di Bologna,Fondo Iniziative Cineteca,,Film premiere of 'La Strada' (1954),"Bologna, Cinema Fulgor (Via Montegrappa)",FIC0414,,IT-CINETECABOLOGNA-FT0001-050499|FIC0414,,,,,
photo_la_strada_fighter,Circus performance scene from 'La Strada',Unknown photographer,Giulietta Masina; Anthony Quinn,"Set photograph from Federico Fellini’s film 'La Strada', showing a circus performance scene.",Cineteca di Bologna,,1954,Photograph,Vintage gelatin silver print; physical description not fully provided. | Photographic print | Gelatin silver print | black and white,,und,la_strada_film,Film set,© Reporters Associati & Archivi — All rights reserved,ICCD Scheda F,Gelsomina and Zampanò during a circus act,,,,Vintage gelatin silver print; physical description not fully provided.,black and white,,,,,Cineteca di Bologna,Fondo Fotografie Cineteca,,Circus performance scene,Film set,26004-11,,26004-11,,,,,
photo_la_strada_woman,Gelsomina eating bread in rural landscape,Unknown photographer,Giulietta Masina,"Set photograph from Federico Fellini’s film 'La Strada', showing Gelsomina in a rural environment; exact location unknown. Creation year circa 1954.",Cineteca di Bologna,,1954,Photograph,Gelatin silver print; original physical description not provided. | Photographic print | Gelatin silver print | black and white,,und,la_strada_film,Rural landscape (unknown location),© Farabola / Bridgeman Images,ICCD Scheda F,Set photograph featuring Giulietta Masina as Gelsomina,,,,Gelatin silver print; original physical description not provided.,black and white,,,,,Cineteca di Bologna,Fondo Fotografie Cineteca,,Gelsomina eating bread (scene),Rural landscape (unknown location),OLA309977,,OLA309977,,,,,
po_screenplay,Quando il Po è dolce (manuscript screenplay),Renzo Renzi,Po Delta; Documentary screenplay,"Handwritten manuscript page for the documentary project 'Quando il Po è dolce'. The item is part of the Renzo Renzi archival documentation shown in the 'Short films produced' gallery.",Cineteca di Bologna,,ca. 1952,Manuscript,Ink on paper | 1 manuscript page | Digital JPEG surrogate,https://cinetecadibologna.it/biblioteca/storia-di-renzo-renzi/#media-slider-4e70004f-9cee-4199-be2c-ca4ccb62ffe4-5,it,,Renzo Renzi Library,© Renzi Estate | Access permitted for study and research. | Reproduction only with permission of the Renzi Estate.,ISAD(G),English title: When the Po River is Fresh,,1 manuscript page,,Single manuscript leaf with autograph notes.,,,,,,Cineteca di Bologna,Renzo Renzi Fund,Renzo Renzi Library. Cinema and Photography,,,IT-CB-0016-4-3_0021,,IT-CB-0016-4-3_0021,,,,Access permitted for study and research.,Reproduction only with permission of the Renzi Estate.
renzi_interview_2000,Il cinema a Bologna: Renzo Renzi e la Columbus film,[uncredited],Renzo Renzi,"Video interview with Renzo Renzi discussing his work and the history of Columbus Film, produced by the Cineteca di Bologna. | Interview recorded in VHS format; director and interviewer are not credited.",Cineteca di Bologna,Renzo Renzi | [uncredited],2000,Video Interview,VHS | 56 min | colour | sound,,it,Renzo Renzi Collection,"Bologna, Italy",© Cineteca di Bologna,FIAF,Official title screen: 'Il cinema a Bologna – Renzo Renzi e la Columbus film',,,,,colour,sound,56 min,,,Cineteca di Bologna,Renzo Renzi Collection,"Renzo Renzi Library, Cineteca di Bologna",,,,,,,,,,
renzi_letter_1942,Letter to his father,Renzo Renzi,,"Personal letter written by Renzo Renzi to his father during World War II, describing his intellectual life at the front.",Cineteca di Bologna,,1942-07-24,Letter,Three manuscript pages. | 3 manuscript pages,https://cinetecadibologna.it/biblioteca/storia-di-renzo-renzi/#media-slider-13f604c5-01aa-44ab-9b19-0af9195cb28e-3|https://cinetecadibologna.it/biblioteca/storia-di-renzo-renzi/#media-slider-13f604c5-01aa-44ab-9b19-0af9195cb28e-4|https://cinetecadibologna.it/biblioteca/storia-di-renzo-renzi/#media-slider-13f604c5-01aa-44ab-9b19-0af9195cb28e-5,it,Renzo Renzi Collection,"Renzo Renzi Library, Cineteca di Bologna",© Renzi Estate | Access permitted for study and research. | Reproduction only with permission of the Renzi Estate.,ISAD(G),Original title: 'Lettera al padre',,3 manuscript pages,,Three manuscript pages.,,,,,,Cineteca di Bologna,Renzo Renzi Collection,"Renzo Renzi Library, Cineteca di Bologna",,,,,IT-CB-0016-2-9_0001,,,3,Access permitted for study and research.,Reproduction only with permission of the Renzi Estate.
renzi_portrait,Renzo Renzi taking a photograph (informal portrait),Unknown photographer,Renzo Renzi,Digital surrogate available on the Cineteca di Bologna website.,Cineteca di Bologna,,,Photograph,Vintage gelatin silver print. Original analog photograph. | Analog photographic print | Gelatin silver print | Digital JPEG surrogate | black and white,,,Renzo Renzi Fund,Unknown location,© Renzi Estate,,,,,,Vintage gelatin silver print. Original analog photograph.,black and white,,,,,Cineteca di Bologna,Renzo Renzi Fund,,Renzo Renzi taking a photograph (informal portrait),Unknown location,,,Famiglia-Renzi_002,,,,,
l_armata_s_agapo,L'armata s'agapò,Renzo Renzi,Italian occupation of Greece; antimilitarism; military justice; Cinema Nuovo; Renzo Renzi; Guido Aristarco,"Article published in Cinema Nuovo no. 4 in February 1953. The text dealt with the Italian occupation of Greece and had a strong antimilitarist tone. Its publication led to charges of insulting the armed forces against Renzi and Guido Aristarco, their imprisonment in the military prison of Peschiera del Garda, and a public legal and cultural debate.",Cinema Nuovo,Guido Aristarco,1953-02-01,Article,Manuscript draft and printed periodical article; digital surrogate available through the Cineteca di Bologna Renzo Renzi page,https://cinetecadibologna.it/biblioteca/storia-di-renzo-renzi/,it,Renzo Renzi Fund; Cinema Nuovo; From Arcadia to Peschiera. The s'agapò trial,Greece; Peschiera del Garda; Italy,© Renzi Estate,ISAD(G),,,dossier,,First manuscript version with corrections and cuts; printed article in Cinema Nuovo,,,,,,Cineteca di Bologna,Renzo Renzi Fund,Biblioteca Renzo Renzi. Cinema e Fotografia,,Italian-occupied Greece; Peschiera del Garda prison; Italy,,,IT-CB-0016-5-8-001,"Unit 3.2.1, Articles and letters for L'armata s'agapò, in the Renzo Renzi Fund inventory.",,,Digital images are presented on the Cineteca di Bologna Renzo Renzi page; wider digitized materials are accessible from a dedicated library workstation.,
